Header Value,Domain Name,Resolved IP address
15451600, _apple-mobdev._tcp.local., 192.168.1.6
15451601, _apple-mobdev._tcp.local., 192.168.1.7
15451602, facebook.com., 192.168.1.8
15451603, stackoverflow.com., 192.168.1.9
15451604, Brother MFC-7860DW._pdl-datastream._tcp.local., 192.168.1.10
15451605, Brother MFC-7860DW._pdl-datastream._tcp.local., 192.168.1.6
15451606, example.com., 192.168.1.7
15451607, Brother MFC-7860DW._pdl-datastream._tcp.local., 192.168.1.8
15451608, Brother MFC-7860DW._pdl-datastream._tcp.local., 192.168.1.9
15451609, linkedin.com., 192.168.1.10
15451610, _apple-mobdev._tcp.local., 192.168.1.6
15451611, Brother MFC-7860DW._pdl-datastream._tcp.local., 192.168.1.7
15451612, Brother MFC-7860DW._pdl-datastream._tcp.local., 192.168.1.8
15451613, apple.com., 192.168.1.9
15451614, Brother MFC-7860DW._pdl-datastream._tcp.local., 192.168.1.10
15451615, Brother MFC-7860DW._pdl-datastream._tcp.local., 192.168.1.6
15451616, _apple-mobdev._tcp.local., 192.168.1.7
15451617, _apple-mobdev._tcp.local., 192.168.1.8
15451618, google.com., 192.168.1.9
15451619, Brother MFC-7860DW._pdl-datastream._tcp.local., 192.168.1.10
15451620, Brother MFC-7860DW._pdl-datastream._tcp.local., 192.168.1.6
15451621, Brother MFC-7860DW._pdl-datastream._tcp.local., 192.168.1.7
15451622, Brother MFC-7860DW._pdl-datastream._tcp.local., 192.168.1.8
